timestamp,dlt_file,detector_1_total_counts,detector_1_neutron_counts,detector_2_total_counts,detector_2_neutron_counts,detector_3_total_counts,detector_3_neutron_counts,detector_4_total_counts,detector_4_neutron_counts,detector_5_total_counts,detector_5_neutron_counts,detector_6_total_counts,detector_6_neutron_counts,detector_7_total_counts,detector_7_neutron_counts,detector_8_total_counts,detector_8_neutron_counts,detector_9_total_counts,detector_9_neutron_counts,detector_10_total_counts,detector_10_neutron_counts,detector_11_total_counts,detector_11_neutron_counts,detector_12_total_counts,detector_12_neutron_counts,detector_13_total_counts,detector_13_neutron_counts,detector_14_total_counts,detector_14_neutron_counts,detector_15_total_counts,detector_15_neutron_counts,detector_16_total_counts,detector_16_neutron_counts,observations,detector_1_histogram_name,detector_2_histogram_name,detector_3_histogram_name,detector_4_histogram_name,detector_5_histogram_name,detector_6_histogram_name,detector_7_histogram_name,detector_8_histogram_name,detector_9_histogram_name,detector_10_histogram_name,detector_11_histogram_name,detector_12_histogram_name,detector_13_histogram_name,detector_14_histogram_name,detector_15_histogram_name,detector_16_histogram_name
2024-11-10 23:47:50,,1734.0,1667.0,1776.0,1686.0,712.0,660.0,719.0,641.0,154.0,106.0,1220.0,1161.0,1086.0,1025.0,979.0,922.0,134.0,63.0,1559.0,1411.0,1203.0,1119.0,245.0,183.0,258.0,180.0,935.0,835.0,894.0,841.0,659.0,607.0,Sin observaciones,Ch01_Cal,Ch02_Cal,Ch03_Cal,Ch04_Cal,Ch05_Cal,Ch06_Cal,Ch07_Cal,Ch08_Cal,Ch09_Cal,Ch10_Cal,Ch11_Cal,Ch12_Cal,Ch13_Cal,Ch14_Cal,Ch15_Cal,Ch16_Cal
2024-11-11 01:52:17,,5327.0,5134.0,5442.0,5151.0,2244.0,2061.0,2123.0,1862.0,571.0,397.0,3709.0,3510.0,3272.0,3107.0,2992.0,2802.0,406.0,190.0,4752.0,4322.0,3620.0,3330.0,788.0,590.0,748.0,508.0,2847.0,2544.0,2685.0,2496.0,1940.0,1789.0,Sin observaciones,Ch01_Cal,Ch02_Cal,Ch03_Cal,Ch04_Cal,Ch05_Cal,Ch06_Cal,Ch07_Cal,Ch08_Cal,Ch09_Cal,Ch10_Cal,Ch11_Cal,Ch12_Cal,Ch13_Cal,Ch14_Cal,Ch15_Cal,Ch16_Cal
2024-11-11 02:24:59,,6236.0,6011.0,6415.0,6075.0,2658.0,2436.0,2500.0,2185.0,690.0,466.0,4382.0,4138.0,3812.0,3629.0,3493.0,3258.0,471.0,222.0,5657.0,5158.0,4255.0,3905.0,958.0,731.0,888.0,605.0,3346.0,2995.0,3165.0,2939.0,2270.0,2098.0,Sin observaciones,Ch01_Cal,Ch02_Cal,Ch03_Cal,Ch04_Cal,Ch05_Cal,Ch06_Cal,Ch07_Cal,Ch08_Cal,Ch09_Cal,Ch10_Cal,Ch11_Cal,Ch12_Cal,Ch13_Cal,Ch14_Cal,Ch15_Cal,Ch16_Cal
2024-11-11 03:11:22,,7513.0,7222.0,7831.0,7381.0,3214.0,2937.0,3002.0,2626.0,856.0,591.0,5319.0,5034.0,4662.0,4444.0,4269.0,3987.0,573.0,264.0,6880.0,6264.0,5251.0,4815.0,1182.0,896.0,1096.0,720.0,4055.0,3618.0,3850.0,3558.0,2747.0,2529.0,Sin observaciones,Ch01_Cal,Ch02_Cal,Ch03_Cal,Ch04_Cal,Ch05_Cal,Ch06_Cal,Ch07_Cal,Ch08_Cal,Ch09_Cal,Ch10_Cal,Ch11_Cal,Ch12_Cal,Ch13_Cal,Ch14_Cal,Ch15_Cal,Ch16_Cal
2024-11-11 03:34:36,,8170.0,7850.0,8951.0,8041.0,3559.0,3249.0,3258.0,2850.0,935.0,646.0,5781.0,5469.0,5065.0,4825.0,4660.0,4347.0,614.0,281.0,7470.0,6791.0,5697.0,5227.0,1286.0,984.0,1195.0,780.0,4423.0,3945.0,4153.0,3830.0,2991.0,2753.0,Sin observaciones,Ch01_Cal,Ch02_Cal,Ch03_Cal,Ch04_Cal,Ch05_Cal,Ch06_Cal,Ch07_Cal,Ch08_Cal,Ch09_Cal,Ch10_Cal,Ch11_Cal,Ch12_Cal,Ch13_Cal,Ch14_Cal,Ch15_Cal,Ch16_Cal
2024-11-11 04:00:15,,8900.0,8538.0,11095.0,8759.0,3913.0,3567.0,3529.0,3081.0,1006.0,696.0,6279.0,5936.0,5502.0,5246.0,5096.0,4746.0,663.0,302.0,8136.0,7404.0,6199.0,5690.0,1403.0,1070.0,1282.0,828.0,4812.0,4286.0,4486.0,4126.0,3252.0,2999.0,Sin observaciones,Ch01_Cal,Ch02_Cal,Ch03_Cal,Ch04_Cal,Ch05_Cal,Ch06_Cal,Ch07_Cal,Ch08_Cal,Ch09_Cal,Ch10_Cal,Ch11_Cal,Ch12_Cal,Ch13_Cal,Ch14_Cal,Ch15_Cal,Ch16_Cal
2024-11-11 04:38:46,,9968.0,9557.0,12735.0,9841.0,4365.0,3986.0,3963.0,3472.0,1148.0,785.0,7031.0,6635.0,6125.0,5846.0,5736.0,5353.0,739.0,331.0,9123.0,8306.0,6913.0,6344.0,1559.0,1188.0,1460.0,935.0,5372.0,4791.0,5004.0,4602.0,3606.0,3320.0,Sin observaciones,Ch01_Cal,Ch02_Cal,Ch03_Cal,Ch04_Cal,Ch05_Cal,Ch06_Cal,Ch07_Cal,Ch08_Cal,Ch09_Cal,Ch10_Cal,Ch11_Cal,Ch12_Cal,Ch13_Cal,Ch14_Cal,Ch15_Cal,Ch16_Cal
2024-11-11 05:01:57,,10642.0,10193.0,14150.0,10487.0,4643.0,4237.0,4241.0,3725.0,1230.0,842.0,7485.0,7057.0,6533.0,6234.0,6119.0,5712.0,781.0,351.0,9704.0,8843.0,7371.0,6762.0,1661.0,1265.0,1564.0,994.0,5707.0,5093.0,5347.0,4922.0,3848.0,3547.0,Sin observaciones,Ch01_Cal,Ch02_Cal,Ch03_Cal,Ch04_Cal,Ch05_Cal,Ch06_Cal,Ch07_Cal,Ch08_Cal,Ch09_Cal,Ch10_Cal,Ch11_Cal,Ch12_Cal,Ch13_Cal,Ch14_Cal,Ch15_Cal,Ch16_Cal
2024-11-11 05:30:13,,11557.0,10992.0,16391.0,11320.0,4969.0,4533.0,4558.0,3989.0,1342.0,915.0,8084.0,7631.0,7015.0,6694.0,6591.0,6162.0,839.0,375.0,10436.0,9514.0,7947.0,7289.0,1796.0,1367.0,1684.0,1076.0,6120.0,5459.0,5702.0,5251.0,4142.0,3817.0,Sin observaciones,Ch01_Cal,Ch02_Cal,Ch03_Cal,Ch04_Cal,Ch05_Cal,Ch06_Cal,Ch07_Cal,Ch08_Cal,Ch09_Cal,Ch10_Cal,Ch11_Cal,Ch12_Cal,Ch13_Cal,Ch14_Cal,Ch15_Cal,Ch16_Cal
2024-11-11 06:03:34,,12762.0,11891.0,19872.0,12203.0,5402.0,4919.0,4923.0,4312.0,1442.0,977.0,8755.0,8260.0,7619.0,7272.0,7147.0,6686.0,913.0,404.0,11304.0,10310.0,8623.0,7899.0,1952.0,1484.0,1812.0,1159.0,6616.0,5898.0,6112.0,5630.0,4479.0,4128.0,Sin observaciones,Ch01_Cal,Ch02_Cal,Ch03_Cal,Ch04_Cal,Ch05_Cal,Ch06_Cal,Ch07_Cal,Ch08_Cal,Ch09_Cal,Ch10_Cal,Ch11_Cal,Ch12_Cal,Ch13_Cal,Ch14_Cal,Ch15_Cal,Ch16_Cal
2024-11-11 06:35:03,,13928.0,12722.0,23016.0,13058.0,5823.0,5290.0,5283.0,4620.0,1542.0,1045.0,9429.0,8888.0,8152.0,7777.0,7629.0,7138.0,978.0,432.0,12109.0,11051.0,9266.0,8484.0,2085.0,1591.0,1958.0,1254.0,7099.0,6330.0,6526.0,6005.0,4800.0,4423.0,Sin observaciones,Ch01_Cal,Ch02_Cal,Ch03_Cal,Ch04_Cal,Ch05_Cal,Ch06_Cal,Ch07_Cal,Ch08_Cal,Ch09_Cal,Ch10_Cal,Ch11_Cal,Ch12_Cal,Ch13_Cal,Ch14_Cal,Ch15_Cal,Ch16_Cal
2024-11-11 07:00:09,,14797.0,13388.0,25355.0,13775.0,6125.0,5562.0,5577.0,4863.0,1641.0,1113.0,9917.0,9346.0,8566.0,8166.0,8023.0,7497.0,1032.0,453.0,12735.0,11610.0,9793.0,8958.0,2172.0,1658.0,2051.0,1311.0,7474.0,6655.0,6880.0,6327.0,5050.0,4658.0,Sin observaciones,Ch01_Cal,Ch02_Cal,Ch03_Cal,Ch04_Cal,Ch05_Cal,Ch06_Cal,Ch07_Cal,Ch08_Cal,Ch09_Cal,Ch10_Cal,Ch11_Cal,Ch12_Cal,Ch13_Cal,Ch14_Cal,Ch15_Cal,Ch16_Cal
2024-11-11 07:30:54,,16745.0,14216.0,32223.0,14653.0,6543.0,5943.0,5941.0,5171.0,1733.0,1175.0,10524.0,9915.0,9069.0,8650.0,8509.0,7961.0,1086.0,475.0,13484.0,12258.0,10371.0,9474.0,2303.0,1755.0,2166.0,1382.0,7897.0,7029.0,7292.0,6713.0,5366.0,4954.0,Sin observaciones,Ch01_Cal,Ch02_Cal,Ch03_Cal,Ch04_Cal,Ch05_Cal,Ch06_Cal,Ch07_Cal,Ch08_Cal,Ch09_Cal,Ch10_Cal,Ch11_Cal,Ch12_Cal,Ch13_Cal,Ch14_Cal,Ch15_Cal,Ch16_Cal
2024-11-11 08:35:44,,24658.0,15881.0,58657.0,16431.0,7355.0,6684.0,6660.0,5782.0,1948.0,1319.0,11892.0,11142.0,10202.0,9727.0,9595.0,8975.0,1224.0,537.0,15296.0,13852.0,11731.0,10670.0,2598.0,1975.0,2433.0,1543.0,8849.0,7879.0,8201.0,7530.0,6049.0,5599.0,Sin observaciones,Ch01_Cal,Ch02_Cal,Ch03_Cal,Ch04_Cal,Ch05_Cal,Ch06_Cal,Ch07_Cal,Ch08_Cal,Ch09_Cal,Ch10_Cal,Ch11_Cal,Ch12_Cal,Ch13_Cal,Ch14_Cal,Ch15_Cal,Ch16_Cal
2024-11-11 09:00:33,,27532.0,16525.0,68310.0,17105.0,7717.0,7001.0,6944.0,6031.0,2027.0,1378.0,12448.0,11592.0,10614.0,10118.0,9986.0,9344.0,1282.0,553.0,15920.0,14417.0,12263.0,11134.0,2748.0,2083.0,2529.0,1602.0,9206.0,8193.0,8523.0,7829.0,6315.0,5847.0,Sin observaciones,Ch01_Cal,Ch02_Cal,Ch03_Cal,Ch04_Cal,Ch05_Cal,Ch06_Cal,Ch07_Cal,Ch08_Cal,Ch09_Cal,Ch10_Cal,Ch11_Cal,Ch12_Cal,Ch13_Cal,Ch14_Cal,Ch15_Cal,Ch16_Cal
2024-11-11 09:33:57,,30243.0,17421.0,72557.0,18035.0,8159.0,7387.0,7329.0,6361.0,2105.0,1432.0,13314.0,12217.0,11190.0,10664.0,10562.0,9892.0,1355.0,585.0,16785.0,15196.0,12999.0,11790.0,2910.0,2208.0,2645.0,1682.0,9685.0,8622.0,9006.0,8278.0,6665.0,6165.0,Sin observaciones,Ch01_Cal,Ch02_Cal,Ch03_Cal,Ch04_Cal,Ch05_Cal,Ch06_Cal,Ch07_Cal,Ch08_Cal,Ch09_Cal,Ch10_Cal,Ch11_Cal,Ch12_Cal,Ch13_Cal,Ch14_Cal,Ch15_Cal,Ch16_Cal
2024-11-11 10:05:13,,33297.0,18245.0,75573.0,18871.0,8535.0,7730.0,7690.0,6673.0,2187.0,1486.0,14244.0,12819.0,11689.0,11132.0,11077.0,10377.0,1429.0,617.0,17606.0,15942.0,13659.0,12357.0,3070.0,2329.0,2784.0,1767.0,10137.0,9017.0,9477.0,8717.0,6983.0,6461.0,Sin observaciones,Ch01_Cal,Ch02_Cal,Ch03_Cal,Ch04_Cal,Ch05_Cal,Ch06_Cal,Ch07_Cal,Ch08_Cal,Ch09_Cal,Ch10_Cal,Ch11_Cal,Ch12_Cal,Ch13_Cal,Ch14_Cal,Ch15_Cal,Ch16_Cal
2024-11-11 10:32:46,,35669.0,18973.0,80965.0,19657.0,8919.0,8053.0,7997.0,6950.0,2265.0,1541.0,15030.0,13368.0,12121.0,11543.0,11513.0,10782.0,1484.0,636.0,18347.0,16609.0,14208.0,12850.0,3193.0,2418.0,2920.0,1844.0,10508.0,9357.0,9832.0,9046.0,7290.0,6750.0,Sin observaciones,Ch01_Cal,Ch02_Cal,Ch03_Cal,Ch04_Cal,Ch05_Cal,Ch06_Cal,Ch07_Cal,Ch08_Cal,Ch09_Cal,Ch10_Cal,Ch11_Cal,Ch12_Cal,Ch13_Cal,Ch14_Cal,Ch15_Cal,Ch16_Cal
2024-11-11 11:05:14,,36965.0,19872.0,84611.0,20547.0,9367.0,8439.0,8366.0,7283.0,2380.0,1626.0,15767.0,14000.0,12685.0,12083.0,12046.0,11286.0,1555.0,670.0,19192.0,17366.0,14851.0,13434.0,3352.0,2541.0,3070.0,1933.0,10986.0,9794.0,10292.0,9460.0,7598.0,7026.0,Sin observaciones,Ch01_Cal,Ch02_Cal,Ch03_Cal,Ch04_Cal,Ch05_Cal,Ch06_Cal,Ch07_Cal,Ch08_Cal,Ch09_Cal,Ch10_Cal,Ch11_Cal,Ch12_Cal,Ch13_Cal,Ch14_Cal,Ch15_Cal,Ch16_Cal
2024-11-11 11:34:21,,37725.0,20580.0,85607.0,21483.0,9777.0,8806.0,8697.0,7572.0,2447.0,1664.0,16388.0,14589.0,13163.0,12536.0,12508.0,11722.0,1609.0,690.0,19924.0,18052.0,15431.0,13974.0,3486.0,2634.0,3190.0,2010.0,11452.0,10205.0,10743.0,9867.0,7900.0,7306.0,Sin observaciones,Ch01_Cal,Ch02_Cal,Ch03_Cal,Ch04_Cal,Ch05_Cal,Ch06_Cal,Ch07_Cal,Ch08_Cal,Ch09_Cal,Ch10_Cal,Ch11_Cal,Ch12_Cal,Ch13_Cal,Ch14_Cal,Ch15_Cal,Ch16_Cal
2024-11-11 12:07:06,,38633.0,21446.0,86556.0,22396.0,10222.0,9205.0,9077.0,7904.0,2526.0,1721.0,17024.0,15203.0,13733.0,13078.0,13055.0,12244.0,1671.0,717.0,20747.0,18805.0,16068.0,14555.0,3633.0,2751.0,3311.0,2091.0,11905.0,10619.0,11177.0,10263.0,8229.0,7617.0,Sin observaciones,Ch01_Cal,Ch02_Cal,Ch03_Cal,Ch04_Cal,Ch05_Cal,Ch06_Cal,Ch07_Cal,Ch08_Cal,Ch09_Cal,Ch10_Cal,Ch11_Cal,Ch12_Cal,Ch13_Cal,Ch14_Cal,Ch15_Cal,Ch16_Cal
2024-11-11 12:51:58,,39951.0,22696.0,87860.0,23647.0,10780.0,9709.0,9614.0,8377.0,2677.0,1818.0,17851.0,15996.0,14481.0,13795.0,13807.0,12953.0,1762.0,751.0,21856.0,19842.0,16930.0,15364.0,3836.0,2897.0,3498.0,2205.0,12548.0,11210.0,11764.0,10813.0,8678.0,8034.0,Sin observaciones,Ch01_Cal,Ch02_Cal,Ch03_Cal,Ch04_Cal,Ch05_Cal,Ch06_Cal,Ch07_Cal,Ch08_Cal,Ch09_Cal,Ch10_Cal,Ch11_Cal,Ch12_Cal,Ch13_Cal,Ch14_Cal,Ch15_Cal,Ch16_Cal
2024-11-11 13:21:20,,40845.0,23544.0,88723.0,24480.0,11165.0,10057.0,9930.0,8652.0,2764.0,1872.0,18445.0,16562.0,14983.0,14277.0,14255.0,13385.0,1812.0,773.0,22621.0,20567.0,17496.0,15898.0,3968.0,3000.0,3591.0,2273.0,12957.0,11595.0,12157.0,11175.0,8981.0,8310.0,Sin observaciones,Ch01_Cal,Ch02_Cal,Ch03_Cal,Ch04_Cal,Ch05_Cal,Ch06_Cal,Ch07_Cal,Ch08_Cal,Ch09_Cal,Ch10_Cal,Ch11_Cal,Ch12_Cal,Ch13_Cal,Ch14_Cal,Ch15_Cal,Ch16_Cal
2024-11-11 13:51:24,,41712.0,24369.0,89594.0,25314.0,11545.0,10404.0,10252.0,8943.0,2865.0,1936.0,19088.0,17169.0,15469.0,14742.0,14708.0,13813.0,1880.0,802.0,23388.0,21261.0,18075.0,16437.0,4109.0,3108.0,3719.0,2353.0,13368.0,11979.0,12550.0,11531.0,9309.0,8607.0,Sin observaciones,Ch01_Cal,Ch02_Cal,Ch03_Cal,Ch04_Cal,Ch05_Cal,Ch06_Cal,Ch07_Cal,Ch08_Cal,Ch09_Cal,Ch10_Cal,Ch11_Cal,Ch12_Cal,Ch13_Cal,Ch14_Cal,Ch15_Cal,Ch16_Cal
2024-11-11 14:46:42,,43267.0,25840.0,91156.0,26807.0,12222.0,11024.0,10848.0,9473.0,3050.0,2061.0,20201.0,18227.0,16393.0,15625.0,15538.0,14593.0,1997.0,852.0,24847.0,22605.0,19160.0,17455.0,4371.0,3306.0,3959.0,2514.0,14203.0,12742.0,13347.0,12278.0,9842.0,9097.0,Sin observaciones,Ch01_Cal,Ch02_Cal,Ch03_Cal,Ch04_Cal,Ch05_Cal,Ch06_Cal,Ch07_Cal,Ch08_Cal,Ch09_Cal,Ch10_Cal,Ch11_Cal,Ch12_Cal,Ch13_Cal,Ch14_Cal,Ch15_Cal,Ch16_Cal
2024-11-11 15:57:41,,864.0,816.0,889.0,852.0,368.0,335.0,368.0,332.0,97.0,55.0,618.0,583.0,586.0,556.0,487.0,463.0,55.0,23.0,799.0,736.0,610.0,573.0,131.0,102.0,123.0,75.0,466.0,426.0,416.0,383.0,313.0,294.0,Sin observaciones,Ch01_Cal,Ch02_Cal,Ch03_Cal,Ch04_Cal,Ch05_Cal,Ch06_Cal,Ch07_Cal,Ch08_Cal,Ch09_Cal,Ch10_Cal,Ch11_Cal,Ch12_Cal,Ch13_Cal,Ch14_Cal,Ch15_Cal,Ch16_Cal
2024-11-11 16:49:33,,2387.0,2268.0,2423.0,2324.0,1018.0,931.0,966.0,874.0,269.0,168.0,1716.0,1631.0,1508.0,1434.0,1310.0,1239.0,163.0,63.0,2083.0,1913.0,1589.0,1482.0,348.0,258.0,326.0,201.0,1250.0,1149.0,1175.0,1089.0,835.0,786.0,Sin observaciones,Ch01_Cal,Ch02_Cal,Ch03_Cal,Ch04_Cal,Ch05_Cal,Ch06_Cal,Ch07_Cal,Ch08_Cal,Ch09_Cal,Ch10_Cal,Ch11_Cal,Ch12_Cal,Ch13_Cal,Ch14_Cal,Ch15_Cal,Ch16_Cal
2024-11-11 18:17:43,,5089.0,4825.0,5105.0,4876.0,2155.0,1939.0,1990.0,1791.0,584.0,368.0,3574.0,3380.0,3069.0,2942.0,2789.0,2630.0,363.0,146.0,4340.0,3997.0,3374.0,3147.0,734.0,556.0,694.0,431.0,2973.0,2490.0,2512.0,2320.0,1662.0,1554.0,Sin observaciones,Ch01_Cal,Ch02_Cal,Ch03_Cal,Ch04_Cal,Ch05_Cal,Ch06_Cal,Ch07_Cal,Ch08_Cal,Ch09_Cal,Ch10_Cal,Ch11_Cal,Ch12_Cal,Ch13_Cal,Ch14_Cal,Ch15_Cal,Ch16_Cal
2024-11-11 18:53:04,,6147.0,5825.0,6177.0,5913.0,2569.0,2308.0,2392.0,2156.0,692.0,443.0,4310.0,4086.0,3717.0,3563.0,3391.0,3201.0,424.0,169.0,5301.0,4873.0,4081.0,3803.0,891.0,675.0,855.0,536.0,3472.0,2958.0,3010.0,2780.0,2019.0,1882.0,Sin observaciones,Ch01_Cal,Ch02_Cal,Ch03_Cal,Ch04_Cal,Ch05_Cal,Ch06_Cal,Ch07_Cal,Ch08_Cal,Ch09_Cal,Ch10_Cal,Ch11_Cal,Ch12_Cal,Ch13_Cal,Ch14_Cal,Ch15_Cal,Ch16_Cal
2024-11-11 19:30:21,,7232.0,6848.0,7257.0,6943.0,3031.0,2729.0,2823.0,2547.0,818.0,517.0,5068.0,4811.0,4391.0,4216.0,3989.0,3769.0,492.0,197.0,6277.0,5766.0,4812.0,4474.0,1045.0,795.0,1014.0,631.0,4039.0,3480.0,3558.0,3288.0,2429.0,2256.0,Sin observaciones,Ch01_Cal,Ch02_Cal,Ch03_Cal,Ch04_Cal,Ch05_Cal,Ch06_Cal,Ch07_Cal,Ch08_Cal,Ch09_Cal,Ch10_Cal,Ch11_Cal,Ch12_Cal,Ch13_Cal,Ch14_Cal,Ch15_Cal,Ch16_Cal
2024-11-11 20:01:25,,8171.0,7736.0,8158.0,7812.0,3395.0,3059.0,3198.0,2878.0,925.0,593.0,5732.0,5438.0,4994.0,4791.0,4517.0,4261.0,556.0,218.0,7096.0,6517.0,5405.0,5035.0,1176.0,899.0,1145.0,719.0,4532.0,3927.0,4036.0,3719.0,2769.0,2566.0,Sin observaciones,Ch01_Cal,Ch02_Cal,Ch03_Cal,Ch04_Cal,Ch05_Cal,Ch06_Cal,Ch07_Cal,Ch08_Cal,Ch09_Cal,Ch10_Cal,Ch11_Cal,Ch12_Cal,Ch13_Cal,Ch14_Cal,Ch15_Cal,Ch16_Cal
2024-11-11 20:30:04,,9045.0,8555.0,9107.0,8717.0,3758.0,3391.0,3548.0,3195.0,1019.0,657.0,6322.0,5995.0,5491.0,5261.0,4974.0,4690.0,606.0,239.0,7818.0,7181.0,5997.0,5584.0,1302.0,1002.0,1284.0,809.0,4954.0,4305.0,4465.0,4115.0,3070.0,2853.0,Sin observaciones,Ch01_Cal,Ch02_Cal,Ch03_Cal,Ch04_Cal,Ch05_Cal,Ch06_Cal,Ch07_Cal,Ch08_Cal,Ch09_Cal,Ch10_Cal,Ch11_Cal,Ch12_Cal,Ch13_Cal,Ch14_Cal,Ch15_Cal,Ch16_Cal
2024-11-11 21:00:54,,9905.0,9368.0,10054.0,9626.0,4157.0,3755.0,3901.0,3522.0,1112.0,724.0,6947.0,6595.0,6059.0,5812.0,5502.0,5180.0,680.0,273.0,8642.0,7946.0,6620.0,6171.0,1441.0,1111.0,1420.0,896.0,5378.0,4702.0,4899.0,4527.0,3403.0,3147.0,Sin observaciones,Ch01_Cal,Ch02_Cal,Ch03_Cal,Ch04_Cal,Ch05_Cal,Ch06_Cal,Ch07_Cal,Ch08_Cal,Ch09_Cal,Ch10_Cal,Ch11_Cal,Ch12_Cal,Ch13_Cal,Ch14_Cal,Ch15_Cal,Ch16_Cal
2024-11-11 21:30:07,,10777.0,10189.0,10930.0,10460.0,4526.0,4088.0,4233.0,3822.0,1221.0,795.0,7577.0,7200.0,6548.0,6280.0,5980.0,5631.0,740.0,304.0,9413.0,8663.0,7186.0,6705.0,1559.0,1207.0,1542.0,972.0,5823.0,5104.0,5303.0,4900.0,3713.0,3432.0,Sin observaciones,Ch01_Cal,Ch02_Cal,Ch03_Cal,Ch04_Cal,Ch05_Cal,Ch06_Cal,Ch07_Cal,Ch08_Cal,Ch09_Cal,Ch10_Cal,Ch11_Cal,Ch12_Cal,Ch13_Cal,Ch14_Cal,Ch15_Cal,Ch16_Cal
2024-11-11 22:02:31,,11761.0,11113.0,11930.0,11386.0,5009.0,4520.0,4655.0,4185.0,1316.0,846.0,8241.0,7822.0,7134.0,6813.0,6578.0,6169.0,846.0,340.0,10266.0,9420.0,7856.0,7318.0,1709.0,1315.0,1723.0,1047.0,6431.0,5590.0,5859.0,5357.0,4075.0,3754.0,Sin observaciones,Ch01_Cal,Ch02_Cal,Ch03_Cal,Ch04_Cal,Ch05_Cal,Ch06_Cal,Ch07_Cal,Ch08_Cal,Ch09_Cal,Ch10_Cal,Ch11_Cal,Ch12_Cal,Ch13_Cal,Ch14_Cal,Ch15_Cal,Ch16_Cal
2024-11-11 22:30:09,,12574.0,11897.0,12743.0,12168.0,5296.0,4782.0,4982.0,4469.0,1394.0,898.0,8827.0,8377.0,7580.0,7242.0,7054.0,6616.0,893.0,360.0,10985.0,10082.0,8391.0,7808.0,1823.0,1398.0,1839.0,1128.0,6848.0,5961.0,6273.0,5732.0,4338.0,3997.0,Sin observaciones,Ch01_Cal,Ch02_Cal,Ch03_Cal,Ch04_Cal,Ch05_Cal,Ch06_Cal,Ch07_Cal,Ch08_Cal,Ch09_Cal,Ch10_Cal,Ch11_Cal,Ch12_Cal,Ch13_Cal,Ch14_Cal,Ch15_Cal,Ch16_Cal
2024-11-11 23:00:05,,13464.0,12743.0,13710.0,13089.0,5709.0,5149.0,5372.0,4808.0,1487.0,960.0,9473.0,8990.0,8127.0,7770.0,7559.0,7094.0,944.0,384.0,11736.0,10765.0,9040.0,8409.0,1929.0,1483.0,1968.0,1206.0,7289.0,6363.0,6708.0,6142.0,4664.0,4301.0,Sin observaciones,Ch01_Cal,Ch02_Cal,Ch03_Cal,Ch04_Cal,Ch05_Cal,Ch06_Cal,Ch07_Cal,Ch08_Cal,Ch09_Cal,Ch10_Cal,Ch11_Cal,Ch12_Cal,Ch13_Cal,Ch14_Cal,Ch15_Cal,Ch16_Cal
2024-11-11 23:30:05,,14312.0,13556.0,14647.0,13971.0,6096.0,5506.0,5730.0,5130.0,1580.0,1027.0,10130.0,9612.0,8656.0,8278.0,8054.0,7561.0,1008.0,414.0,12523.0,11485.0,9612.0,8939.0,2079.0,1585.0,2116.0,1302.0,7750.0,6784.0,7124.0,6523.0,4958.0,4577.0,Sin observaciones,Ch01_Cal,Ch02_Cal,Ch03_Cal,Ch04_Cal,Ch05_Cal,Ch06_Cal,Ch07_Cal,Ch08_Cal,Ch09_Cal,Ch10_Cal,Ch11_Cal,Ch12_Cal,Ch13_Cal,Ch14_Cal,Ch15_Cal,Ch16_Cal
2024-11-12 00:27:54,,15965.0,15128.0,16351.0,15586.0,6861.0,6134.0,6410.0,5695.0,1793.0,1164.0,11360.0,10757.0,9750.0,9304.0,9056.0,8483.0,1152.0,480.0,14110.0,12917.0,10825.0,10039.0,2380.0,1813.0,2440.0,1457.0,8741.0,7597.0,8107.0,7334.0,5575.0,5147.0,Sin observaciones,Ch01_Cal,Ch02_Cal,Ch03_Cal,Ch04_Cal,Ch05_Cal,Ch06_Cal,Ch07_Cal,Ch08_Cal,Ch09_Cal,Ch10_Cal,Ch11_Cal,Ch12_Cal,Ch13_Cal,Ch14_Cal,Ch15_Cal,Ch16_Cal
2024-11-12 03:30:19,,27469.0,20055.0,21878.0,20794.0,9185.0,8229.0,8467.0,7492.0,2383.0,1551.0,15315.0,14229.0,12895.0,12290.0,12083.0,11287.0,1484.0,622.0,18897.0,17280.0,14414.0,13338.0,3204.0,2459.0,3164.0,1934.0,11418.0,10010.0,10699.0,9710.0,7426.0,6873.0,San_Pedro 040,Ch01_Cal,Ch02_Cal,Ch03_Cal,Ch04_Cal,Ch05_Cal,Ch06_Cal,Ch07_Cal,Ch08_Cal,Ch09_Cal,Ch10_Cal,Ch11_Cal,Ch12_Cal,Ch13_Cal,Ch14_Cal,Ch15_Cal,Ch16_Cal
2024-11-12 04:05:47,,29817.0,20981.0,22936.0,21810.0,9646.0,8644.0,8880.0,7844.0,2518.0,1641.0,16047.0,14904.0,13499.0,12858.0,12666.0,11839.0,1571.0,665.0,19755.0,18063.0,15060.0,13943.0,3367.0,2576.0,3318.0,2034.0,12012.0,10488.0,11253.0,10230.0,7787.0,7200.0,San_Pedro 041,Ch01_Cal,Ch02_Cal,Ch03_Cal,Ch04_Cal,Ch05_Cal,Ch06_Cal,Ch07_Cal,Ch08_Cal,Ch09_Cal,Ch10_Cal,Ch11_Cal,Ch12_Cal,Ch13_Cal,Ch14_Cal,Ch15_Cal,Ch16_Cal
2024-11-12 04:29:12,,30513.0,21608.0,23637.0,22478.0,9938.0,8902.0,9155.0,8080.0,2601.0,1696.0,16595.0,15349.0,13917.0,13250.0,13012.0,12167.0,1626.0,682.0,20344.0,18610.0,15502.0,14357.0,3455.0,2642.0,3412.0,2099.0,12506.0,10806.0,11617.0,10568.0,8031.0,7421.0,SanPedro 042,Ch01_Cal,Ch02_Cal,Ch03_Cal,Ch04_Cal,Ch05_Cal,Ch06_Cal,Ch07_Cal,Ch08_Cal,Ch09_Cal,Ch10_Cal,Ch11_Cal,Ch12_Cal,Ch13_Cal,Ch14_Cal,Ch15_Cal,Ch16_Cal
2024-11-12 05:28:18,,32161.0,23180.0,25373.0,24117.0,10737.0,9582.0,9821.0,8643.0,2852.0,1839.0,18168.0,16481.0,14986.0,14242.0,14057.0,13085.0,1745.0,742.0,21886.0,20026.0,16727.0,15412.0,3710.0,2837.0,3668.0,2267.0,13532.0,11589.0,12457.0,11323.0,8672.0,8014.0,SanPedro 043,Ch01_Cal,Ch02_Cal,Ch03_Cal,Ch04_Cal,Ch05_Cal,Ch06_Cal,Ch07_Cal,Ch08_Cal,Ch09_Cal,Ch10_Cal,Ch11_Cal,Ch12_Cal,Ch13_Cal,Ch14_Cal,Ch15_Cal,Ch16_Cal
2024-11-12 05:57:14,,32973.0,23954.0,26252.0,24958.0,11129.0,9920.0,10180.0,8947.0,2948.0,1905.0,18838.0,17054.0,15501.0,14716.0,14563.0,13531.0,1812.0,767.0,22646.0,20712.0,17409.0,15931.0,3829.0,2915.0,3792.0,2354.0,13967.0,11949.0,12861.0,11680.0,8964.0,8283.0,SanPedro 044,Ch01_Cal,Ch02_Cal,Ch03_Cal,Ch04_Cal,Ch05_Cal,Ch06_Cal,Ch07_Cal,Ch08_Cal,Ch09_Cal,Ch10_Cal,Ch11_Cal,Ch12_Cal,Ch13_Cal,Ch14_Cal,Ch15_Cal,Ch16_Cal
2024-11-12 06:28:43,,33807.0,24760.0,27130.0,25791.0,11543.0,10276.0,10566.0,9281.0,3043.0,1966.0,19567.0,17705.0,16082.0,15250.0,15086.0,14008.0,1873.0,794.0,23528.0,21488.0,18191.0,16521.0,3971.0,3024.0,3911.0,2432.0,14451.0,12363.0,13301.0,12075.0,9290.0,8586.0,SanPedro 045,Ch01_Cal,Ch02_Cal,Ch03_Cal,Ch04_Cal,Ch05_Cal,Ch06_Cal,Ch07_Cal,Ch08_Cal,Ch09_Cal,Ch10_Cal,Ch11_Cal,Ch12_Cal,Ch13_Cal,Ch14_Cal,Ch15_Cal,Ch16_Cal
2024-11-12 07:27:31,,35476.0,26332.0,28879.0,27424.0,12278.0,10935.0,11267.0,9891.0,3232.0,2080.0,20792.0,18815.0,17181.0,16254.0,16045.0,14893.0,2011.0,861.0,25336.0,22914.0,19693.0,17637.0,4257.0,3242.0,4155.0,2578.0,15357.0,13148.0,14198.0,12836.0,9922.0,9116.0,SanPedro 046,Ch01_Cal,Ch02_Cal,Ch03_Cal,Ch04_Cal,Ch05_Cal,Ch06_Cal,Ch07_Cal,Ch08_Cal,Ch09_Cal,Ch10_Cal,Ch11_Cal,Ch12_Cal,Ch13_Cal,Ch14_Cal,Ch15_Cal,Ch16_Cal
2024-11-12 08:01:49,,36466.0,27278.0,29909.0,28398.0,12729.0,11332.0,11657.0,10224.0,3353.0,2153.0,21499.0,19450.0,17834.0,16869.0,16685.0,15488.0,2061.0,882.0,26314.0,23718.0,20555.0,18259.0,4425.0,3374.0,4292.0,2678.0,15904.0,13645.0,14813.0,13284.0,10275.0,9425.0,SanPedro 047,Ch01_Cal,Ch02_Cal,Ch03_Cal,Ch04_Cal,Ch05_Cal,Ch06_Cal,Ch07_Cal,Ch08_Cal,Ch09_Cal,Ch10_Cal,Ch11_Cal,Ch12_Cal,Ch13_Cal,Ch14_Cal,Ch15_Cal,Ch16_Cal
2024-11-12 08:29:57,,37228.0,28011.0,30795.0,29232.0,13091.0,11662.0,11970.0,10492.0,3447.0,2208.0,22097.0,20007.0,18314.0,17330.0,17112.0,15887.0,2128.0,917.0,27147.0,24419.0,21223.0,18757.0,4580.0,3490.0,4417.0,2760.0,16328.0,14017.0,15348.0,13664.0,10583.0,9693.0,SanPedro 048,Ch01_Cal,Ch02_Cal,Ch03_Cal,Ch04_Cal,Ch05_Cal,Ch06_Cal,Ch07_Cal,Ch08_Cal,Ch09_Cal,Ch10_Cal,Ch11_Cal,Ch12_Cal,Ch13_Cal,Ch14_Cal,Ch15_Cal,Ch16_Cal
2024-11-12 09:03:24,,38214.0,28952.0,31704.0,30100.0,13500.0,12033.0,12347.0,10818.0,3580.0,2300.0,22857.0,20693.0,18928.0,17919.0,17645.0,16389.0,2219.0,966.0,28041.0,25195.0,21917.0,19327.0,4748.0,3603.0,4544.0,2839.0,16828.0,14465.0,15926.0,14069.0,10958.0,10029.0,SanPedro 049,Ch01_Cal,Ch02_Cal,Ch03_Cal,Ch04_Cal,Ch05_Cal,Ch06_Cal,Ch07_Cal,Ch08_Cal,Ch09_Cal,Ch10_Cal,Ch11_Cal,Ch12_Cal,Ch13_Cal,Ch14_Cal,Ch15_Cal,Ch16_Cal
2024-11-12 09:33:18,,39109.0,29808.0,32574.0,30933.0,13846.0,12350.0,12672.0,11102.0,3673.0,2357.0,23462.0,21260.0,19435.0,18397.0,18150.0,16854.0,2287.0,994.0,28853.0,25902.0,22544.0,19875.0,4880.0,3705.0,4668.0,2931.0,17253.0,14843.0,16424.0,14448.0,11277.0,10324.0,SanPedro 050,Ch01_Cal,Ch02_Cal,Ch03_Cal,Ch04_Cal,Ch05_Cal,Ch06_Cal,Ch07_Cal,Ch08_Cal,Ch09_Cal,Ch10_Cal,Ch11_Cal,Ch12_Cal,Ch13_Cal,Ch14_Cal,Ch15_Cal,Ch16_Cal
2024-11-12 10:29:31,,40750.0,31371.0,34234.0,32512.0,14598.0,13036.0,13312.0,11665.0,3857.0,2476.0,24567.0,22306.0,20430.0,19339.0,19101.0,17729.0,2404.0,1041.0,30421.0,27266.0,23762.0,20881.0,5134.0,3894.0,4913.0,3098.0,18096.0,15591.0,17301.0,15177.0,11900.0,10871.0,SanPedro 051,Ch01_Cal,Ch02_Cal,Ch03_Cal,Ch04_Cal,Ch05_Cal,Ch06_Cal,Ch07_Cal,Ch08_Cal,Ch09_Cal,Ch10_Cal,Ch11_Cal,Ch12_Cal,Ch13_Cal,Ch14_Cal,Ch15_Cal,Ch16_Cal
2024-11-12 10:58:48,,41572.0,32153.0,35095.0,33325.0,14949.0,13351.0,13644.0,11964.0,3950.0,2531.0,25153.0,22858.0,20919.0,19806.0,19570.0,18168.0,2452.0,1064.0,31139.0,27920.0,24331.0,21398.0,5256.0,3987.0,5044.0,3181.0,18569.0,15980.0,17707.0,15541.0,12217.0,11162.0,SanPedro 052,Ch01_Cal,Ch02_Cal,Ch03_Cal,Ch04_Cal,Ch05_Cal,Ch06_Cal,Ch07_Cal,Ch08_Cal,Ch09_Cal,Ch10_Cal,Ch11_Cal,Ch12_Cal,Ch13_Cal,Ch14_Cal,Ch15_Cal,Ch16_Cal
2024-11-12 11:35:20,,42675.0,33119.0,36178.0,34364.0,15397.0,13736.0,14041.0,12315.0,4060.0,2598.0,25913.0,23557.0,21557.0,20397.0,20176.0,18722.0,2536.0,1096.0,32080.0,28771.0,25049.0,22058.0,5447.0,4129.0,5186.0,3290.0,19070.0,16441.0,18188.0,15984.0,12565.0,11481.0,Sin observaciones,Ch01_Cal,Ch02_Cal,Ch03_Cal,Ch04_Cal,Ch05_Cal,Ch06_Cal,Ch07_Cal,Ch08_Cal,Ch09_Cal,Ch10_Cal,Ch11_Cal,Ch12_Cal,Ch13_Cal,Ch14_Cal,Ch15_Cal,Ch16_Cal
2024-11-12 12:13:17,,43758.0,34140.0,37251.0,35399.0,15910.0,14199.0,14467.0,12691.0,4202.0,2691.0,26634.0,24234.0,22234.0,21049.0,20782.0,19289.0,2608.0,1124.0,33114.0,29710.0,25772.0,22720.0,5619.0,4253.0,5327.0,3386.0,19631.0,16953.0,18745.0,16512.0,12933.0,11814.0,Sin observaciones,Ch01_Cal,Ch02_Cal,Ch03_Cal,Ch04_Cal,Ch05_Cal,Ch06_Cal,Ch07_Cal,Ch08_Cal,Ch09_Cal,Ch10_Cal,Ch11_Cal,Ch12_Cal,Ch13_Cal,Ch14_Cal,Ch15_Cal,Ch16_Cal
2024-11-12 12:52:04,,44856.0,35179.0,38384.0,36470.0,16354.0,14605.0,14900.0,13079.0,4332.0,2783.0,27385.0,24942.0,22883.0,21676.0,21391.0,19858.0,2685.0,1161.0,34057.0,30560.0,26483.0,23368.0,5773.0,4371.0,5477.0,3477.0,20173.0,17458.0,19273.0,17005.0,13284.0,12140.0,Sin observaciones,Ch01_Cal,Ch02_Cal,Ch03_Cal,Ch04_Cal,Ch05_Cal,Ch06_Cal,Ch07_Cal,Ch08_Cal,Ch09_Cal,Ch10_Cal,Ch11_Cal,Ch12_Cal,Ch13_Cal,Ch14_Cal,Ch15_Cal,Ch16_Cal
2024-11-12 13:22:01,,45735.0,36014.0,39252.0,37300.0,16741.0,14963.0,15231.0,13364.0,4425.0,2849.0,27963.0,25490.0,23399.0,22171.0,21856.0,20287.0,2733.0,1188.0,34827.0,31275.0,27037.0,23880.0,5902.0,4471.0,5609.0,3580.0,20609.0,17861.0,19688.0,17394.0,13596.0,12431.0,Sin observaciones,Ch01_Cal,Ch02_Cal,Ch03_Cal,Ch04_Cal,Ch05_Cal,Ch06_Cal,Ch07_Cal,Ch08_Cal,Ch09_Cal,Ch10_Cal,Ch11_Cal,Ch12_Cal,Ch13_Cal,Ch14_Cal,Ch15_Cal,Ch16_Cal
2024-11-12 13:54:17,,46654.0,36884.0,40138.0,38151.0,17121.0,15309.0,15652.0,13724.0,4503.0,2904.0,28589.0,26083.0,23969.0,22721.0,22424.0,20822.0,2786.0,1213.0,35647.0,32039.0,27668.0,24473.0,6057.0,4588.0,5742.0,3674.0,21064.0,18279.0,20128.0,17809.0,13911.0,12722.0,Sin observaciones,Ch01_Cal,Ch02_Cal,Ch03_Cal,Ch04_Cal,Ch05_Cal,Ch06_Cal,Ch07_Cal,Ch08_Cal,Ch09_Cal,Ch10_Cal,Ch11_Cal,Ch12_Cal,Ch13_Cal,Ch14_Cal,Ch15_Cal,Ch16_Cal
2024-11-12 15:54:48,,50132.0,40169.0,43785.0,41654.0,18679.0,16701.0,16998.0,14929.0,4888.0,3165.0,31166.0,28518.0,26097.0,24775.0,24403.0,22688.0,3021.0,1316.0,38792.0,34958.0,30082.0,26739.0,6538.0,4945.0,6185.0,3969.0,22883.0,19985.0,21799.0,19355.0,15167.0,13885.0,Sin observaciones,Ch01_Cal,Ch02_Cal,Ch03_Cal,Ch04_Cal,Ch05_Cal,Ch06_Cal,Ch07_Cal,Ch08_Cal,Ch09_Cal,Ch10_Cal,Ch11_Cal,Ch12_Cal,Ch13_Cal,Ch14_Cal,Ch15_Cal,Ch16_Cal
2024-11-12 16:58:43,,52010.0,41942.0,45697.0,43471.0,19510.0,17457.0,17789.0,15617.0,5122.0,3320.0,32517.0,29810.0,27247.0,25888.0,25490.0,23700.0,3171.0,1388.0,40508.0,36549.0,31344.0,27897.0,6794.0,5141.0,6440.0,4143.0,23839.0,20864.0,22792.0,20274.0,15889.0,14558.0,Sin observaciones,Ch01_Cal,Ch02_Cal,Ch03_Cal,Ch04_Cal,Ch05_Cal,Ch06_Cal,Ch07_Cal,Ch08_Cal,Ch09_Cal,Ch10_Cal,Ch11_Cal,Ch12_Cal,Ch13_Cal,Ch14_Cal,Ch15_Cal,Ch16_Cal
2024-11-12 17:30:31,,52915.0,42805.0,46688.0,44413.0,19972.0,17874.0,18179.0,15958.0,5221.0,3391.0,33187.0,30450.0,27802.0,26428.0,26009.0,24187.0,3228.0,1412.0,41333.0,37313.0,32013.0,28528.0,6918.0,5232.0,6587.0,4231.0,24328.0,21311.0,23257.0,20710.0,16236.0,14884.0,Sin observaciones,Ch01_Cal,Ch02_Cal,Ch03_Cal,Ch04_Cal,Ch05_Cal,Ch06_Cal,Ch07_Cal,Ch08_Cal,Ch09_Cal,Ch10_Cal,Ch11_Cal,Ch12_Cal,Ch13_Cal,Ch14_Cal,Ch15_Cal,Ch16_Cal
2024-11-12 18:00:47,,53813.0,43657.0,47676.0,45345.0,20400.0,18253.0,18522.0,16262.0,5337.0,3464.0,33821.0,31057.0,28379.0,26975.0,26531.0,24676.0,3293.0,1437.0,42142.0,38063.0,32651.0,29130.0,7046.0,5330.0,6732.0,4314.0,24733.0,21688.0,23695.0,21117.0,16548.0,15160.0,Sin observaciones,Ch01_Cal,Ch02_Cal,Ch03_Cal,Ch04_Cal,Ch05_Cal,Ch06_Cal,Ch07_Cal,Ch08_Cal,Ch09_Cal,Ch10_Cal,Ch11_Cal,Ch12_Cal,Ch13_Cal,Ch14_Cal,Ch15_Cal,Ch16_Cal
2024-11-12 18:30:52,,54716.0,44517.0,48633.0,46263.0,20796.0,18616.0,18871.0,16579.0,5447.0,3533.0,34438.0,31644.0,28950.0,27519.0,27060.0,25170.0,3358.0,1467.0,42936.0,38784.0,33281.0,29726.0,7158.0,5423.0,6854.0,4390.0,25185.0,22107.0,24150.0,21544.0,16871.0,15457.0,Sin observaciones,Ch01_Cal,Ch02_Cal,Ch03_Cal,Ch04_Cal,Ch05_Cal,Ch06_Cal,Ch07_Cal,Ch08_Cal,Ch09_Cal,Ch10_Cal,Ch11_Cal,Ch12_Cal,Ch13_Cal,Ch14_Cal,Ch15_Cal,Ch16_Cal
2024-11-12 19:13:21,,55963.0,45702.0,49886.0,47463.0,21345.0,19104.0,19413.0,17053.0,5625.0,3644.0,35367.0,32539.0,29773.0,28320.0,27770.0,25836.0,3455.0,1510.0,44053.0,39818.0,34095.0,30486.0,7353.0,5562.0,7016.0,4487.0,25849.0,22721.0,24805.0,22145.0,17298.0,15863.0,Sin observaciones,Ch01_Cal,Ch02_Cal,Ch03_Cal,Ch04_Cal,Ch05_Cal,Ch06_Cal,Ch07_Cal,Ch08_Cal,Ch09_Cal,Ch10_Cal,Ch11_Cal,Ch12_Cal,Ch13_Cal,Ch14_Cal,Ch15_Cal,Ch16_Cal
2024-11-12 19:36:26,,56625.0,46332.0,50567.0,48117.0,21669.0,19398.0,19711.0,17317.0,5706.0,3698.0,35853.0,33006.0,30221.0,28757.0,28145.0,26191.0,3486.0,1526.0,44671.0,40388.0,34557.0,30918.0,7449.0,5635.0,7118.0,4550.0,26173.0,23018.0,25154.0,22460.0,17528.0,16080.0,Sin observaciones,Ch01_Cal,Ch02_Cal,Ch03_Cal,Ch04_Cal,Ch05_Cal,Ch06_Cal,Ch07_Cal,Ch08_Cal,Ch09_Cal,Ch10_Cal,Ch11_Cal,Ch12_Cal,Ch13_Cal,Ch14_Cal,Ch15_Cal,Ch16_Cal
2024-11-12 20:17:22,,57832.0,47483.0,51796.0,49295.0,22189.0,19862.0,20168.0,17731.0,5845.0,3790.0,36724.0,33857.0,30970.0,29470.0,28891.0,26899.0,3555.0,1552.0,45854.0,41484.0,35409.0,31723.0,7625.0,5785.0,7268.0,4644.0,26785.0,23575.0,25804.0,23056.0,17914.0,16440.0,Sin observaciones,Ch01_Cal,Ch02_Cal,Ch03_Cal,Ch04_Cal,Ch05_Cal,Ch06_Cal,Ch07_Cal,Ch08_Cal,Ch09_Cal,Ch10_Cal,Ch11_Cal,Ch12_Cal,Ch13_Cal,Ch14_Cal,Ch15_Cal,Ch16_Cal
2024-11-12 22:06:38,,61124.0,50622.0,55138.0,52472.0,23712.0,21228.0,21480.0,18900.0,6208.0,4045.0,39141.0,36151.0,32991.0,31400.0,30746.0,28650.0,3792.0,1678.0,48834.0,44209.0,37641.0,33828.0,8129.0,6174.0,7742.0,4969.0,28475.0,25125.0,27446.0,24592.0,19051.0,17485.0,Sin observaciones,Ch01_Cal,Ch02_Cal,Ch03_Cal,Ch04_Cal,Ch05_Cal,Ch06_Cal,Ch07_Cal,Ch08_Cal,Ch09_Cal,Ch10_Cal,Ch11_Cal,Ch12_Cal,Ch13_Cal,Ch14_Cal,Ch15_Cal,Ch16_Cal
2024-11-12 23:30:33,,63586.0,52978.0,57787.0,54983.0,48519.0,22178.0,22511.0,19835.0,6475.0,4223.0,40899.0,37820.0,34563.0,32892.0,32206.0,30002.0,3976.0,1760.0,51006.0,46208.0,39395.0,35467.0,8490.0,6451.0,8132.0,5209.0,29765.0,26294.0,28685.0,25702.0,19959.0,18327.0,Sin observaciones,Ch01_Cal,Ch02_Cal,Ch03_Cal,Ch04_Cal,Ch05_Cal,Ch06_Cal,Ch07_Cal,Ch08_Cal,Ch09_Cal,Ch10_Cal,Ch11_Cal,Ch12_Cal,Ch13_Cal,Ch14_Cal,Ch15_Cal,Ch16_Cal
2024-11-13 00:02:14,,64504.0,53863.0,58794.0,55945.0,48932.0,22558.0,22892.0,20162.0,6577.0,4289.0,41570.0,38463.0,35155.0,33457.0,32733.0,30503.0,4018.0,1782.0,51852.0,46991.0,40016.0,36050.0,8637.0,6564.0,8289.0,5315.0,30232.0,26723.0,29170.0,26157.0,20302.0,18645.0,Sin observaciones,Ch01_Cal,Ch02_Cal,Ch03_Cal,Ch04_Cal,Ch05_Cal,Ch06_Cal,Ch07_Cal,Ch08_Cal,Ch09_Cal,Ch10_Cal,Ch11_Cal,Ch12_Cal,Ch13_Cal,Ch14_Cal,Ch15_Cal,Ch16_Cal
2024-11-13 00:30:10,,65323.0,54644.0,59647.0,56756.0,49287.0,22883.0,23225.0,20464.0,6675.0,4350.0,42147.0,39008.0,35669.0,33945.0,33163.0,30901.0,4074.0,1803.0,52574.0,47644.0,40580.0,36558.0,8760.0,6660.0,8409.0,5385.0,30650.0,27112.0,29608.0,26564.0,20544.0,18874.0,Sin observaciones,Ch01_Cal,Ch02_Cal,Ch03_Cal,Ch04_Cal,Ch05_Cal,Ch06_Cal,Ch07_Cal,Ch08_Cal,Ch09_Cal,Ch10_Cal,Ch11_Cal,Ch12_Cal,Ch13_Cal,Ch14_Cal,Ch15_Cal,Ch16_Cal
2024-11-13 01:00:11,,66196.0,55475.0,60477.0,57540.0,49680.0,23254.0,23580.0,20770.0,6786.0,4426.0,42820.0,39647.0,36231.0,34474.0,33682.0,31385.0,4112.0,1818.0,53428.0,48412.0,41193.0,37122.0,8915.0,6781.0,8534.0,5480.0,31089.0,27513.0,30018.0,26948.0,20853.0,19151.0,Sin observaciones,Ch01_Cal,Ch02_Cal,Ch03_Cal,Ch04_Cal,Ch05_Cal,Ch06_Cal,Ch07_Cal,Ch08_Cal,Ch09_Cal,Ch10_Cal,Ch11_Cal,Ch12_Cal,Ch13_Cal,Ch14_Cal,Ch15_Cal,Ch16_Cal
2024-11-13 01:30:27,,67060.0,56266.0,61399.0,58419.0,50094.0,23624.0,23989.0,21130.0,6883.0,4478.0,43439.0,40223.0,36789.0,35006.0,34155.0,31818.0,4171.0,1839.0,54275.0,49182.0,41832.0,37715.0,9033.0,6873.0,8660.0,5559.0,31535.0,27907.0,30444.0,27343.0,21153.0,19435.0,Sin observaciones,Ch01_Cal,Ch02_Cal,Ch03_Cal,Ch04_Cal,Ch05_Cal,Ch06_Cal,Ch07_Cal,Ch08_Cal,Ch09_Cal,Ch10_Cal,Ch11_Cal,Ch12_Cal,Ch13_Cal,Ch14_Cal,Ch15_Cal,Ch16_Cal
2024-11-13 02:00:39,,68861.0,57079.0,62305.0,59274.0,50452.0,23948.0,24360.0,21447.0,6980.0,4540.0,44090.0,40831.0,37368.0,35566.0,34666.0,32292.0,4229.0,1864.0,55083.0,49931.0,42413.0,38260.0,9145.0,6957.0,8765.0,5625.0,31981.0,28306.0,30897.0,27740.0,21438.0,19702.0,Sin observaciones,Ch01_Cal,Ch02_Cal,Ch03_Cal,Ch04_Cal,Ch05_Cal,Ch06_Cal,Ch07_Cal,Ch08_Cal,Ch09_Cal,Ch10_Cal,Ch11_Cal,Ch12_Cal,Ch13_Cal,Ch14_Cal,Ch15_Cal,Ch16_Cal
2024-11-13 02:30:45,,72771.0,57929.0,63216.0,60118.0,50849.0,24308.0,24734.0,21768.0,7089.0,4616.0,44702.0,41393.0,37890.0,36064.0,35176.0,32758.0,4293.0,1898.0,55886.0,50672.0,43063.0,38867.0,9267.0,7052.0,8892.0,5702.0,32418.0,28694.0,31347.0,28155.0,21743.0,19978.0,Sin observaciones,Ch01_Cal,Ch02_Cal,Ch03_Cal,Ch04_Cal,Ch05_Cal,Ch06_Cal,Ch07_Cal,Ch08_Cal,Ch09_Cal,Ch10_Cal,Ch11_Cal,Ch12_Cal,Ch13_Cal,Ch14_Cal,Ch15_Cal,Ch16_Cal
2024-11-13 03:29:59,,76470.0,59523.0,65036.0,61821.0,51633.0,25003.0,25436.0,22373.0,7296.0,4743.0,46354.0,42541.0,38915.0,37009.0,36101.0,33624.0,4439.0,1968.0,57356.0,52029.0,44238.0,39946.0,9538.0,7257.0,9165.0,5879.0,33510.0,29466.0,32222.0,28952.0,22376.0,20570.0,Sin observaciones,Ch01_Cal,Ch02_Cal,Ch03_Cal,Ch04_Cal,Ch05_Cal,Ch06_Cal,Ch07_Cal,Ch08_Cal,Ch09_Cal,Ch10_Cal,Ch11_Cal,Ch12_Cal,Ch13_Cal,Ch14_Cal,Ch15_Cal,Ch16_Cal
2024-11-13 04:00:39,,77368.0,60350.0,66012.0,62758.0,52033.0,25355.0,25819.0,22698.0,7402.0,4815.0,47398.0,43154.0,39448.0,37514.0,36629.0,34100.0,4506.0,1989.0,58158.0,52769.0,44856.0,40517.0,9671.0,7347.0,9297.0,5957.0,34148.0,29854.0,32663.0,29347.0,22687.0,20861.0,Sin observaciones,Ch01_Cal,Ch02_Cal,Ch03_Cal,Ch04_Cal,Ch05_Cal,Ch06_Cal,Ch07_Cal,Ch08_Cal,Ch09_Cal,Ch10_Cal,Ch11_Cal,Ch12_Cal,Ch13_Cal,Ch14_Cal,Ch15_Cal,Ch16_Cal
2024-11-13 04:30:18,,78201.0,61137.0,66911.0,63610.0,52403.0,25680.0,26166.0,22992.0,7534.0,4892.0,48417.0,43724.0,39993.0,38028.0,37127.0,34555.0,4567.0,2010.0,58930.0,53481.0,45476.0,41083.0,9817.0,7451.0,9404.0,6025.0,34719.0,30242.0,33078.0,29723.0,22984.0,21137.0,Sin observaciones,Ch01_Cal,Ch02_Cal,Ch03_Cal,Ch04_Cal,Ch05_Cal,Ch06_Cal,Ch07_Cal,Ch08_Cal,Ch09_Cal,Ch10_Cal,Ch11_Cal,Ch12_Cal,Ch13_Cal,Ch14_Cal,Ch15_Cal,Ch16_Cal
2024-11-13 05:00:09,,79048.0,61949.0,67819.0,64474.0,52818.0,26038.0,26520.0,23289.0,7624.0,4954.0,49261.0,44265.0,40545.0,38538.0,37647.0,35030.0,4621.0,2034.0,59711.0,54200.0,46101.0,41626.0,9977.0,7564.0,9529.0,6110.0,35293.0,30642.0,33491.0,30100.0,23278.0,21418.0,Sin observaciones,Ch01_Cal,Ch02_Cal,Ch03_Cal,Ch04_Cal,Ch05_Cal,Ch06_Cal,Ch07_Cal,Ch08_Cal,Ch09_Cal,Ch10_Cal,Ch11_Cal,Ch12_Cal,Ch13_Cal,Ch14_Cal,Ch15_Cal,Ch16_Cal
2024-11-13 05:30:24,,79893.0,62762.0,68709.0,65327.0,53222.0,26398.0,26855.0,23587.0,7721.0,5017.0,50141.0,44817.0,41130.0,39083.0,38179.0,35489.0,4693.0,2062.0,60528.0,54935.0,46690.0,42141.0,10121.0,7668.0,9646.0,6178.0,35928.0,31062.0,33886.0,30451.0,23593.0,21705.0,Sin observaciones,Ch01_Cal,Ch02_Cal,Ch03_Cal,Ch04_Cal,Ch05_Cal,Ch06_Cal,Ch07_Cal,Ch08_Cal,Ch09_Cal,Ch10_Cal,Ch11_Cal,Ch12_Cal,Ch13_Cal,Ch14_Cal,Ch15_Cal,Ch16_Cal
2024-11-13 06:00:17,,80733.0,63566.0,69592.0,66178.0,53614.0,26739.0,27224.0,23907.0,7822.0,5083.0,51214.0,45440.0,41643.0,39566.0,38696.0,35973.0,4748.0,2093.0,61329.0,55669.0,47320.0,42723.0,10254.0,7764.0,9764.0,6257.0,36602.0,31475.0,34321.0,30852.0,23903.0,21997.0,Sin observaciones,Ch01_Cal,Ch02_Cal,Ch03_Cal,Ch04_Cal,Ch05_Cal,Ch06_Cal,Ch07_Cal,Ch08_Cal,Ch09_Cal,Ch10_Cal,Ch11_Cal,Ch12_Cal,Ch13_Cal,Ch14_Cal,Ch15_Cal,Ch16_Cal
2024-11-13 06:30:53,,81584.0,64381.0,70487.0,67028.0,54017.0,27098.0,27606.0,24240.0,7915.0,5153.0,52176.0,46071.0,42144.0,40034.0,39246.0,36469.0,4809.0,2121.0,62153.0,56414.0,47914.0,43240.0,10379.0,7857.0,9888.0,6337.0,37140.0,31871.0,34734.0,31234.0,24246.0,22310.0,Sin observaciones,Ch01_Cal,Ch02_Cal,Ch03_Cal,Ch04_Cal,Ch05_Cal,Ch06_Cal,Ch07_Cal,Ch08_Cal,Ch09_Cal,Ch10_Cal,Ch11_Cal,Ch12_Cal,Ch13_Cal,Ch14_Cal,Ch15_Cal,Ch16_Cal
2024-11-13 07:01:00,,82419.0,65188.0,71326.0,67821.0,54387.0,27425.0,27977.0,24555.0,8012.0,5212.0,52842.0,46645.0,42691.0,40538.0,39743.0,36889.0,4867.0,2150.0,62978.0,57151.0,48659.0,43793.0,10533.0,7965.0,9990.0,6402.0,37598.0,32265.0,35138.0,31600.0,24559.0,22589.0,Sin observaciones,Ch01_Cal,Ch02_Cal,Ch03_Cal,Ch04_Cal,Ch05_Cal,Ch06_Cal,Ch07_Cal,Ch08_Cal,Ch09_Cal,Ch10_Cal,Ch11_Cal,Ch12_Cal,Ch13_Cal,Ch14_Cal,Ch15_Cal,Ch16_Cal
2024-11-13 07:30:21,,83287.0,66003.0,72234.0,68685.0,54746.0,27747.0,28300.0,24846.0,8108.0,5270.0,53480.0,47202.0,43236.0,41042.0,40232.0,37326.0,4936.0,2187.0,63852.0,57870.0,49385.0,44321.0,10668.0,8077.0,10101.0,6476.0,38064.0,32663.0,35507.0,31931.0,24867.0,22864.0,Sin observaciones,Ch01_Cal,Ch02_Cal,Ch03_Cal,Ch04_Cal,Ch05_Cal,Ch06_Cal,Ch07_Cal,Ch08_Cal,Ch09_Cal,Ch10_Cal,Ch11_Cal,Ch12_Cal,Ch13_Cal,Ch14_Cal,Ch15_Cal,Ch16_Cal
2024-11-13 09:09:38,,86065.0,68667.0,75092.0,71386.0,56075.0,28942.0,29414.0,25794.0,8489.0,5513.0,55493.0,49035.0,45000.0,42703.0,41891.0,38861.0,5138.0,2282.0,66731.0,60293.0,51693.0,46081.0,11127.0,8409.0,10533.0,6739.0,39569.0,33981.0,37274.0,33211.0,25941.0,23784.0,Sin observaciones,Ch01_Cal,Ch02_Cal,Ch03_Cal,Ch04_Cal,Ch05_Cal,Ch06_Cal,Ch07_Cal,Ch08_Cal,Ch09_Cal,Ch10_Cal,Ch11_Cal,Ch12_Cal,Ch13_Cal,Ch14_Cal,Ch15_Cal,Ch16_Cal
2024-11-13 09:30:17,,86659.0,69242.0,75699.0,71972.0,56361.0,29196.0,29652.0,25999.0,8562.0,5560.0,55897.0,49413.0,45345.0,43036.0,42192.0,39145.0,5179.0,2303.0,67257.0,60750.0,52112.0,46446.0,11223.0,8480.0,10619.0,6795.0,39881.0,34254.0,37642.0,33484.0,26154.0,23975.0,Sin observaciones,Ch01_Cal,Ch02_Cal,Ch03_Cal,Ch04_Cal,Ch05_Cal,Ch06_Cal,Ch07_Cal,Ch08_Cal,Ch09_Cal,Ch10_Cal,Ch11_Cal,Ch12_Cal,Ch13_Cal,Ch14_Cal,Ch15_Cal,Ch16_Cal
2024-11-13 10:00:07,,87527.0,70077.0,76561.0,72788.0,56765.0,29552.0,29974.0,26288.0,8663.0,5631.0,56492.0,49980.0,45865.0,43530.0,42725.0,39634.0,5241.0,2335.0,68039.0,61455.0,52743.0,47008.0,11360.0,8578.0,10733.0,6870.0,40314.0,34644.0,38090.0,33874.0,26480.0,24270.0,Sin observaciones,Ch01_Cal,Ch02_Cal,Ch03_Cal,Ch04_Cal,Ch05_Cal,Ch06_Cal,Ch07_Cal,Ch08_Cal,Ch09_Cal,Ch10_Cal,Ch11_Cal,Ch12_Cal,Ch13_Cal,Ch14_Cal,Ch15_Cal,Ch16_Cal
2024-11-13 10:30:58,,88391.0,70890.0,77473.0,73654.0,57155.0,29904.0,30319.0,26598.0,8757.0,5699.0,57109.0,50554.0,46394.0,44039.0,43186.0,40077.0,5306.0,2367.0,68923.0,62196.0,53435.0,47549.0,11493.0,8673.0,10868.0,6967.0,40779.0,35053.0,38604.0,34282.0,26819.0,24570.0,Sin observaciones,Ch01_Cal,Ch02_Cal,Ch03_Cal,Ch04_Cal,Ch05_Cal,Ch06_Cal,Ch07_Cal,Ch08_Cal,Ch09_Cal,Ch10_Cal,Ch11_Cal,Ch12_Cal,Ch13_Cal,Ch14_Cal,Ch15_Cal,Ch16_Cal
2024-11-13 10:59:59,,89210.0,71666.0,78339.0,74484.0,57521.0,30226.0,30658.0,26895.0,8848.0,5762.0,57673.0,51095.0,46885.0,44510.0,43689.0,40548.0,5355.0,2391.0,69685.0,62898.0,54024.0,48081.0,11629.0,8788.0,10977.0,7042.0,41267.0,35414.0,38988.0,34625.0,27128.0,24854.0,Sin observaciones,Ch01_Cal,Ch02_Cal,Ch03_Cal,Ch04_Cal,Ch05_Cal,Ch06_Cal,Ch07_Cal,Ch08_Cal,Ch09_Cal,Ch10_Cal,Ch11_Cal,Ch12_Cal,Ch13_Cal,Ch14_Cal,Ch15_Cal,Ch16_Cal
2024-11-13 11:31:36,,90234.0,72523.0,79244.0,75342.0,57918.0,30579.0,31011.0,27209.0,8971.0,5846.0,58314.0,51672.0,47373.0,44975.0,44193.0,41010.0,5425.0,2430.0,70490.0,63644.0,54660.0,48662.0,11770.0,8889.0,11138.0,7145.0,41717.0,35826.0,39430.0,35041.0,27482.0,25169.0,Sin observaciones,Ch01_Cal,Ch02_Cal,Ch03_Cal,Ch04_Cal,Ch05_Cal,Ch06_Cal,Ch07_Cal,Ch08_Cal,Ch09_Cal,Ch10_Cal,Ch11_Cal,Ch12_Cal,Ch13_Cal,Ch14_Cal,Ch15_Cal,Ch16_Cal
2024-11-13 12:31:48,,91982.0,74163.0,81034.0,77046.0,58708.0,31285.0,31718.0,27830.0,9158.0,5972.0,59580.0,52869.0,48391.0,45944.0,45184.0,41943.0,5540.0,2476.0,72014.0,65029.0,55863.0,49790.0,12005.0,9071.0,11366.0,7290.0,42622.0,36670.0,40279.0,35811.0,28112.0,25752.0,Sin observaciones,Ch01_Cal,Ch02_Cal,Ch03_Cal,Ch04_Cal,Ch05_Cal,Ch06_Cal,Ch07_Cal,Ch08_Cal,Ch09_Cal,Ch10_Cal,Ch11_Cal,Ch12_Cal,Ch13_Cal,Ch14_Cal,Ch15_Cal,Ch16_Cal
2024-11-13 13:03:28,,92900.0,75029.0,81973.0,77941.0,59147.0,31675.0,32135.0,28201.0,9233.0,6020.0,60208.0,53466.0,48943.0,46473.0,45724.0,42460.0,5603.0,2507.0,72836.0,65796.0,56432.0,50313.0,12158.0,9194.0,11492.0,7374.0,43110.0,37124.0,40708.0,36213.0,28437.0,26048.0,Sin observaciones,Ch01_Cal,Ch02_Cal,Ch03_Cal,Ch04_Cal,Ch05_Cal,Ch06_Cal,Ch07_Cal,Ch08_Cal,Ch09_Cal,Ch10_Cal,Ch11_Cal,Ch12_Cal,Ch13_Cal,Ch14_Cal,Ch15_Cal,Ch16_Cal
2024-11-13 13:32:51,,93725.0,75817.0,82801.0,78734.0,59498.0,31999.0,32452.0,28480.0,9318.0,6081.0,60787.0,54018.0,49473.0,46979.0,46245.0,42943.0,5659.0,2533.0,73627.0,66517.0,57048.0,50884.0,12286.0,9296.0,11618.0,7466.0,43504.0,37491.0,41102.0,36577.0,28742.0,26340.0,Sin observaciones,Ch01_Cal,Ch02_Cal,Ch03_Cal,Ch04_Cal,Ch05_Cal,Ch06_Cal,Ch07_Cal,Ch08_Cal,Ch09_Cal,Ch10_Cal,Ch11_Cal,Ch12_Cal,Ch13_Cal,Ch14_Cal,Ch15_Cal,Ch16_Cal
2024-11-13 14:07:27,,94743.0,76785.0,83779.0,79675.0,59974.0,32431.0,32830.0,28825.0,9431.0,6163.0,61440.0,54639.0,50083.0,47557.0,46811.0,43474.0,5744.0,2574.0,74522.0,67335.0,57704.0,51498.0,12438.0,9415.0,11762.0,7555.0,44014.0,37954.0,41561.0,37005.0,29104.0,26668.0,Sin observaciones,Ch01_Cal,Ch02_Cal,Ch03_Cal,Ch04_Cal,Ch05_Cal,Ch06_Cal,Ch07_Cal,Ch08_Cal,Ch09_Cal,Ch10_Cal,Ch11_Cal,Ch12_Cal,Ch13_Cal,Ch14_Cal,Ch15_Cal,Ch16_Cal
2024-11-13 14:41:57,,95787.0,77777.0,84805.0,80661.0,60440.0,32864.0,33220.0,29177.0,9547.0,6238.0,62144.0,55306.0,50703.0,48150.0,47370.0,44008.0,5813.0,2607.0,75418.0,68152.0,58408.0,52160.0,12589.0,9531.0,11907.0,7653.0,44506.0,38410.0,42074.0,37480.0,29437.0,26977.0,Sin observaciones,Ch01_Cal,Ch02_Cal,Ch03_Cal,Ch04_Cal,Ch05_Cal,Ch06_Cal,Ch07_Cal,Ch08_Cal,Ch09_Cal,Ch10_Cal,Ch11_Cal,Ch12_Cal,Ch13_Cal,Ch14_Cal,Ch15_Cal,Ch16_Cal
2024-11-13 15:24:46,,97060.0,78983.0,86037.0,81843.0,60954.0,33333.0,33721.0,29633.0,9709.0,6341.0,63038.0,56168.0,51492.0,48911.0,48045.0,44648.0,5893.0,2649.0,76499.0,69163.0,59188.0,52894.0,12757.0,9661.0,12089.0,7772.0,45128.0,38982.0,42672.0,38043.0,29923.0,27429.0,Sin observaciones,Ch01_Cal,Ch02_Cal,Ch03_Cal,Ch04_Cal,Ch05_Cal,Ch06_Cal,Ch07_Cal,Ch08_Cal,Ch09_Cal,Ch10_Cal,Ch11_Cal,Ch12_Cal,Ch13_Cal,Ch14_Cal,Ch15_Cal,Ch16_Cal
2024-11-13 16:09:01,,98327.0,80187.0,87319.0,83070.0,61533.0,33853.0,34244.0,30098.0,9854.0,6433.0,63981.0,57071.0,52278.0,49672.0,48802.0,45363.0,5972.0,2688.0,77650.0,70237.0,60063.0,53720.0,12953.0,9804.0,12269.0,7884.0,45750.0,39552.0,43258.0,38589.0,30378.0,27848.0,Sin observaciones,Ch01_Cal,Ch02_Cal,Ch03_Cal,Ch04_Cal,Ch05_Cal,Ch06_Cal,Ch07_Cal,Ch08_Cal,Ch09_Cal,Ch10_Cal,Ch11_Cal,Ch12_Cal,Ch13_Cal,Ch14_Cal,Ch15_Cal,Ch16_Cal
2024-11-13 17:09:55,,100141.0,81898.0,89194.0,84860.0,62345.0,34588.0,35007.0,30772.0,10038.0,6548.0,65263.0,58290.0,53378.0,50726.0,49807.0,46311.0,6115.0,2750.0,79248.0,71721.0,61298.0,54877.0,13225.0,10009.0,12528.0,8043.0,46645.0,40367.0,44136.0,39406.0,30998.0,28434.0,Sin observaciones,Ch01_Cal,Ch02_Cal,Ch03_Cal,Ch04_Cal,Ch05_Cal,Ch06_Cal,Ch07_Cal,Ch08_Cal,Ch09_Cal,Ch10_Cal,Ch11_Cal,Ch12_Cal,Ch13_Cal,Ch14_Cal,Ch15_Cal,Ch16_Cal
2024-11-13 18:33:23,,102714.0,84337.0,91810.0,87348.0,63412.0,35554.0,35963.0,31637.0,10354.0,6744.0,67027.0,59986.0,54896.0,52192.0,51222.0,47641.0,6306.0,2827.0,81463.0,73764.0,62982.0,56460.0,13614.0,10315.0,12929.0,8286.0,47853.0,41461.0,45413.0,40585.0,31882.0,29253.0,Sin observaciones,Ch01_Cal,Ch02_Cal,Ch03_Cal,Ch04_Cal,Ch05_Cal,Ch06_Cal,Ch07_Cal,Ch08_Cal,Ch09_Cal,Ch10_Cal,Ch11_Cal,Ch12_Cal,Ch13_Cal,Ch14_Cal,Ch15_Cal,Ch16_Cal
2024-11-13 19:23:55,N/A,104276.0,85816.0,93441.0,88909.0,64067.0,36140.0,36632.0,32224.0,10497.0,6845.0,68046.0,60965.0,55827.0,53082.0,52124.0,48493.0,6409.0,2869.0,82806.0,74998.0,64002.0,57421.0,13829.0,10487.0,13139.0,8406.0,48580.0,42123.0,46161.0,41294.0,32452.0,29782.0,Sin observaciones,Ch01_Cal,Ch02_Cal,Ch03_Cal,Ch04_Cal,Ch05_Cal,Ch06_Cal,Ch07_Cal,Ch08_Cal,Ch09_Cal,Ch10_Cal,Ch11_Cal,Ch12_Cal,Ch13_Cal,Ch14_Cal,Ch15_Cal,Ch16_Cal
